id	testo	parole
f01	Calliope, sospendilo.
f02	Calliope, annulla.
f03	Calliope, chiudilo.
f04	Calliope, ricominciamo.
f05	Calliope, che ore sono?
f06	Calliope, ok.
f07	Sospendilo.
f08	Annulla.
f09	Chiudilo.
f10	Ricominciamo.
f11	Che ore sono?
f12	Calliope, basta.
f13	Calliope, stop.
f14	Calliope, annulla il lavoro.
f15	Calliope, sospendi il lavoro.
f16	Calliope, dimmi chi sono.
f17	Calliope, dimmi lo stato delle luci.
f18	Calliope, ok, grazie.
f19	Calliope, chiama Ottavio Brambilla.	Ottavio Brambilla
f20	Calliope, manda un messaggio a Gilda Scarpellini.	Gilda Scarpellini
f21	Calliope, aggiungi Ernesto Pellizzari alla rubrica.	Ernesto Pellizzari
f22	Calliope, ricordami di chiamare Ludovica alle cinque.	Ludovica
f23	Calliope, accendi la luce della veranda.	veranda
f24	Calliope, apri il preventivo Marcolini.	Marcolini
f25	Calliope, cerca Fenoglio nella biblioteca.	Fenoglio
f26	Calliope, che tempo fa a Bressanone?	Bressanone
f27	Calliope, metti un timer di tre minuti.
f28	Calliope, quanto manca a Ferragosto?	Ferragosto
