cartella	stem	riferimento	sicurezza	quando
2026-09-21-webcam	20260921-140843	Calliope.	sicura	pausa
2026-09-21-webcam	20260921-140848	Qual è la capitale della Francia?	sicura	subito
2026-09-21-webcam	20260921-140859	Qual è la capitale della Francia?	sicura	subito
2026-09-21-webcam	20260921-140908	E quella della Spagna?	sicura	subito
2026-09-21-webcam	20260921-140919	Oggi è proprio una bella giornata.	sicura	pausa
2026-09-21-webcam	20260921-140929	Calliope, che ore sono?	incerto	pausa
2026-09-21-webcam	20260921-140938	Puoi cambiare voce?	sicura	subito
2026-09-21-webcam	20260921-140954	Calliope, quanto dista la Luna dalla Terra?	sicura	pausa
2026-09-21-webcam	20260921-141005	Perché il cielo è azzurro?	sicura	subito
2026-09-21-webcam	20260921-141022	Calliope, dimmi tre città della Toscana.	sicura	pausa
2026-09-21-webcam	20260921-141033	Chi ha scritto I promessi sposi?	sicura	subito
2026-09-21-webcam	20260921-141044	Chi ha scritto I promessi sposi?	sicura	subito
2026-09-21-webcam	20260921-141106	Calliope, ieri sera ho visto un documentario sulla storia dell'Impero romano e mi sono chiesto quanto tempo ci volesse per andare da Roma a Costantinopoli a cavallo.	sicura	pausa
2026-09-21-webcam	20260921-141124	Ricordati che il mio numero preferito è quarantasette.	sicura	subito
2026-09-21-webcam	20260921-141138	Calliope, ricordati che il mio numero preferito è quarantasette.	sicura	subito
2026-09-21-webcam	20260921-141157		incerto	subito
2026-09-21-webcam	20260921-141208	Ricordati che il mio numero preferito è quarantasette.	sicura	subito
2026-09-21-webcam	20260921-141218	Calliope, senti, secondo te conviene prendere l'ombrello se il cielo è nuvoloso?	incerto	pausa
2026-09-21-webcam	20260921-141231	E sai dirmi qual è il mio numero preferito?	sicura	subito
2026-09-21-webcam	20260921-141237	Calliope, esci.	sicura	pausa
2026-09-21-webcam	20260921-141247	Calliope, esci.	sicura	pausa
2026-09-21-webcam-mic-sempre-aperto	20260921-141602	Calliope.	sicura	pausa
2026-09-21-webcam-mic-sempre-aperto	20260921-141607	Qual è la capitale della Francia?	sicura	subito
2026-09-21-webcam-mic-sempre-aperto	20260921-141614	E quella della Spagna?	sicura	subito
2026-09-21-webcam-mic-sempre-aperto	20260921-141630	Oggi è proprio una bella giornata.	sicura	pausa
2026-09-21-webcam-mic-sempre-aperto	20260921-141637	Calliope, che ore sono?	sicura	pausa
2026-09-21-webcam-mic-sempre-aperto	20260921-141644	Puoi cambiare voce?	sicura	subito
2026-09-21-webcam-mic-sempre-aperto	20260921-141700	Calliope, quanto dista la Luna dalla Terra?	sicura	pausa
2026-09-21-webcam-mic-sempre-aperto	20260921-141711	Perché il cielo è azzurro?	sicura	subito
2026-09-21-webcam-mic-sempre-aperto	20260921-141738	Calliope, dimmi tre città della Toscana.	sicura	pausa
2026-09-21-webcam-mic-sempre-aperto	20260921-141751	Chi ha scritto I promessi sposi?	sicura	subito
2026-09-21-webcam-mic-sempre-aperto	20260921-141758	Chi ha scritto I promessi sposi?	incerto	subito
2026-09-21-webcam-mic-sempre-aperto	20260921-141807	Calliope, chi ha scritto I promessi sposi?	sicura	pausa
2026-09-21-webcam-mic-sempre-aperto	20260921-141814	Calliope.	sicura	pausa
2026-09-21-webcam-mic-sempre-aperto	20260921-141822	Calliope.	sicura	pausa
2026-09-21-webcam-mic-sempre-aperto	20260921-141829	Calliope.	sicura	pausa
2026-09-21-webcam-mic-sempre-aperto	20260921-141844	Calliope, chi ha scritto I promessi sposi?	sicura	pausa
2026-09-21-webcam-mic-sempre-aperto-2	20260921-142147	Calliope.	sicura	pausa
2026-09-21-webcam-mic-sempre-aperto-2	20260921-142157	Calliope.	sicura	pausa
2026-09-21-webcam-mic-sempre-aperto-3	20260921-142714	Calliope.	sicura	pausa
2026-09-21-webcam-mic-sempre-aperto-3	20260921-142719	Qual è la capitale della Francia?	sicura	subito
2026-09-21-webcam-mic-sempre-aperto-3	20260921-142726	E quella della Spagna?	sicura	subito
2026-09-21-webcam-mic-sempre-aperto-3	20260921-142734	E la sua capitale?	sicura	subito
2026-09-21-webcam-mic-sempre-aperto-3	20260921-142752	Oggi è proprio una bella giornata.	sicura	pausa
2026-09-21-webcam-mic-sempre-aperto-3	20260921-142757	Calliope, che ore sono?	sicura	pausa
2026-09-21-webcam-mic-sempre-aperto-3	20260921-142806	Che ore sono?	sicura	subito
2026-09-21-webcam-mic-sempre-aperto-3	20260921-142813	Puoi cambiare voce?	sicura	subito
2026-09-21-webcam-mic-sempre-aperto-3	20260921-142831	Calliope, quanto dista la Luna dalla Terra?	sicura	pausa
2026-09-21-webcam-mic-sempre-aperto-3	20260921-142841	Calliope, quanto dista la Luna dalla Terra?	sicura	pausa
2026-09-21-webcam-mic-sempre-aperto-3	20260921-142851	Perché il cielo è azzurro?	sicura	subito
2026-09-21-webcam-mic-sempre-aperto-3	20260921-142900	Perché il cielo è azzurro?	sicura	subito
2026-09-21-webcam-mic-sempre-aperto-3	20260921-142922	Calliope, dimmi tre città della Toscana.	sicura	pausa
2026-09-21-webcam-mic-sempre-aperto-3	20260921-142935	Chi ha scritto I promessi sposi?	sicura	subito
2026-09-21-webcam-mic-sempre-aperto-3	20260921-142958	Calliope, ieri sera ho visto un documentario sulla storia dell'Impero romano e mi sono chiesto quanto tempo ci volesse per andare da Roma a Costantinopoli a cavallo.	sicura	pausa
2026-09-21-webcam-mic-sempre-aperto-3	20260921-143018	Calliope, ieri sera ho visto un documentario sulla storia dell'Impero romano e mi sono chiesto quanto tempo ci volesse per andare da Roma a Costantinopoli a cavallo.	sicura	pausa
2026-09-21-webcam-mic-sempre-aperto-3	20260921-143025		incerto	pausa
2026-09-21-webcam-mic-sempre-aperto-3	20260921-143032	Calliope.	sicura	pausa
2026-09-21-webcam-mic-sempre-aperto-3	20260921-143043	ieri sera ho visto un documentario sulla storia dell'Impero romano e mi sono chiesto quanto tempo ci volesse per andare da Roma a Costantinopoli a cavallo.	sicura	subito
2026-09-21-webcam-mic-sempre-aperto-3	20260921-143058	Ricordati che il mio numero preferito è quarantasette.	sicura	subito
2026-09-21-webcam-mic-sempre-aperto-3	20260921-143106	Quindi, qual è il mio numero preferito?	sicura	subito
2026-09-21-webcam-mic-sempre-aperto-3	20260921-143125	Calliope, senti, secondo te conviene prendere l'ombrello se il cielo è nuvoloso?	sicura	pausa
2026-09-21-webcam-mic-sempre-aperto-3	20260921-143135	Calliope, esci.	sicura	pausa
2026-09-21-webcam-mic-sempre-aperto-3	20260921-143147	Calliope, esci.	sicura	pausa
2026-09-21-webcam-mic-sempre-aperto-3	20260921-143156	Calliope, esci.	sicura	pausa
2026-09-24-v03	20260924-115341	Calliope.	sicura	pausa
2026-09-24-v03	20260924-115346	Qual è la capitale della Francia?	sicura	subito
2026-09-24-v03	20260924-115357	E quella della Spagna?	sicura	subito
2026-09-24-v03	20260924-115409	E quella della Spagna?	sicura	subito
2026-09-24-v03	20260924-115435	Oggi è proprio una bella giornata.	sicura	pausa
2026-09-24-v03	20260924-115444	Calliope, che ore sono?	sicura	pausa
2026-09-24-v03	20260924-115453	Puoi cambiare voce?	sicura	subito
2026-09-24-v03	20260924-115503	Puoi cambiare voce?	sicura	subito
2026-09-24-v03	20260924-115525	Calliope, quanto dista la Luna dalla Terra?	sicura	pausa
2026-09-24-v03	20260924-115537	Perché il cielo è azzurro?	sicura	subito
2026-09-24-v03	20260924-115545	Perché il cielo è azzurro?	sicura	subito
2026-09-24-v03	20260924-115610	Calliope, dimmi tre città della Toscana.	sicura	pausa
2026-09-24-v03	20260924-115625	Dimmi tre città della Toscana.	sicura	subito
2026-09-24-v03	20260924-115638	Chi ha scritto I promessi sposi?	sicura	subito
2026-09-24-v03	20260924-115709	Calliope, ieri sera ho visto un documentario sulla storia dell'Impero romano e mi sono chiesto quanto tempo ci volesse per andare da Roma a Costantinopoli a cavallo.	sicura	pausa
2026-09-24-v03	20260924-115728	Ricordati che il mio numero preferito è quarantasette.	sicura	subito
2026-09-24-v03	20260924-115739	Qual è il mio numero preferito?	sicura	subito
2026-09-24-v03	20260924-115757	Calliope, senti, secondo te conviene prendere l'ombrello se il cielo è nuvoloso?	sicura	pausa
2026-09-24-v03	20260924-115821	Calliope, sai chi sono?	sicura	pausa
2026-09-24-v03	20260924-115829	Che giorno è oggi?	sicura	subito
2026-09-24-v03	20260924-115838	Che voci hai?	sicura	subito
2026-09-24-v03	20260924-115856	Calliope, usa la voce di Paola.	sicura	pausa
2026-09-24-v03	20260924-115906	Calliope, usa la voce di Paola.	sicura	pausa
2026-09-24-v03	20260924-115916	Calliope, usa la voce di Paola.	sicura	pausa
2026-09-24-v03	20260924-115927	Calliope.	sicura	pausa
2026-09-24-v03	20260924-120308	Calliope, raccontami una curiosità sul mare.	sicura	pausa
2026-09-24-v03	20260924-120325	Torna alla voce di Serena.	sicura	subito
2026-09-24-v03	20260924-120345	Calliope, chiamami Dario Lipari.	sicura	pausa
2026-09-24-v03	20260924-120354	Chiamami Dario.	sicura	subito
2026-09-24-v03	20260924-120404	Calliope, esci.	sicura	pausa
2026-09-24-v03	20260924-120412	Esci.	sicura	subito
2026-09-24-v03b	20260924-122037	Calliope.	sicura	pausa
2026-09-24-v03b	20260924-122043	Qual è la capitale della Francia?	sicura	subito
2026-09-24-v03b	20260924-122052	Qual è la capitale della Francia?	sicura	subito
2026-09-24-v03b	20260924-122057	E quella della Spagna?	sicura	subito
2026-09-24-v03b	20260924-122103	E quella della Spagna?	sicura	subito
2026-09-24-v03b	20260924-122110	Quanto dista la Luna dalla Terra?	sicura	subito
2026-09-24-v03b	20260924-122122	Ricordati che il mio numero preferito è quarantasette.	sicura	subito
2026-09-24-v03b	20260924-122130	Qual è il mio numero preferito?	sicura	subito
2026-09-24-v03b	20260924-122137		incerto	subito
2026-09-24-v03b	20260924-122143	Sai chi sono?	sicura	subito
2026-09-24-v03b	20260924-122149	Usa la voce di Paola.	sicura	subito
2026-09-24-v03b	20260924-122155	Torna alla voce di Serena.	sicura	subito
2026-09-24-v03b	20260924-122202	Chiamami Dario.	sicura	subito
2026-09-24-v03b	20260924-122208	Calliope.	sicura	subito
2026-09-24-v03b	20260924-122213	Calliope, esci.	sicura	subito
